Rank,Song,Artist(s),Year,Query,ID,Popularity,Release Date
1,When Doves Cry,Prince,1984,track:When Doves Cry artist:Prince,51H2y6YrNNXcy3dfc3qSbA,72,1984-06-25
1,When Doves Cry,Prince,1984,track:When Doves Cry artist:Prince,5wYgc53ayonbzaDc0o3bAP,44,2017-06-23
1,When Doves Cry,Prince,1984,track:When Doves Cry artist:Prince,5aEfPt7OoJhpeeEj5MkXQ4,41,2017-06-23
1,When Doves Cry,Prince,1984,track:When Doves Cry artist:Prince,1XGb94mvD3n5dLkeTtW73R,20,2020-05-15
1,When Doves Cry,Prince,1984,track:When Doves Cry artist:Prince,3lzChkPTUIS9J640f9zZGE,13,2020-09-25
2,What s Love Got to Do with It,Tina Turner,1984,track:What s Love Got to Do with It artist:Tina Turner,4kOfxxnW1ukZdsNbCKY9br,75,1993
2,What s Love Got to Do with It,Tina Turner,1984,track:What s Love Got to Do with It artist:Tina Turner,3ErsOxqe2RmXkR65wkygDz,64,1984-05-29
2,What s Love Got to Do with It,Tina Turner,1984,track:What s Love Got to Do with It artist:Tina Turner,6FcQD1qOpqV8NdhY45sKyI,57,1991-01-01
2,What s Love Got to Do with It,Tina Turner,1984,track:What s Love Got to Do with It artist:Tina Turner,0PlxkfQrCeE0XMqcjGlzsi,49,2008-09-30
2,What s Love Got to Do with It,Tina Turner,1984,track:What s Love Got to Do with It artist:Tina Turner,3Ur2X9ialP9oFmovCXdbeA,23,2008-01-01
4,Footloose,Kenny Loggins,1984,track:Footloose artist:Kenny Loggins,6W2VbtvMrDXm5vYeB7amkO,70,1997-03-25
4,Footloose,Kenny Loggins,1984,track:Footloose artist:Kenny Loggins,2vz1CsL5WBsbpBcwgboTAw,71,1984
4,Footloose,Kenny Loggins,1984,track:Footloose artist:Kenny Loggins,03xU1bLqUkwo4ae3flK5Di,47,2014-07-17
4,Footloose,Kenny Loggins,1984,track:Footloose artist:Kenny Loggins,5rn2JWnsxlhL5hqyhLGUkE,42,1984
4,Footloose,Kenny Loggins,1984,track:Footloose artist:Kenny Loggins,2CYiz0Mv8FYKPw7prokwDC,46,2014-07-17
5,Against All Odds (Take a Look at Me Now),Phil Collins,1984,track:Against All Odds (Take a Look at Me Now) artist:Phil Collins,63CHa6rmamv9OsehkRD8oz,78,2016-10-14
5,Against All Odds (Take a Look at Me Now),Phil Collins,1984,track:Against All Odds (Take a Look at Me Now) artist:Phil Collins,3cKgbanUbfrBeoFQtO6rf5,41,2016-10-14
5,Against All Odds (Take a Look at Me Now),Phil Collins,1984,track:Against All Odds (Take a Look at Me Now) artist:Phil Collins,61N8sBOfE9iM0uRhInFnKN,44,1990-07-15
5,Against All Odds (Take a Look at Me Now),Phil Collins,1984,track:Against All Odds (Take a Look at Me Now) artist:Phil Collins,0qidZasrRvwWSl0IgV8LMY,33,2018-09-07
5,Against All Odds (Take a Look at Me Now),Phil Collins,1984,track:Against All Odds (Take a Look at Me Now) artist:Phil Collins,7zFxxsvzmCv3THUXouRaH5,1,2020-03-02
6,Jump,Van Halen,1984,track:Jump artist:Van Halen,7N3PAbqfTjSEU1edb2tY8j,79,1984-01-04
6,Jump,Van Halen,1984,track:Jump artist:Van Halen,6Fba9RZtC6vTY814JToDtP,61,1996-09-24
6,Jump,Van Halen,1984,track:Jump artist:Van Halen,19kuZ0IExry8qYJ4lU2A0r,38,2006-05-16
6,Jump,Van Halen,1984,track:Jump artist:Van Halen,6aQ2Xtx7z1p2VM9w26yCZq,47,2019-05-17
6,Jump,Van Halen,1984,track:Jump artist:Van Halen,5FqYA8KfiwsQvyBI4IamnY,43,2015-03-27
7,Hello,Lionel Richie,1984,track:Hello artist:Lionel Richie,0mHyWYXmmCB9iQyK18m3FQ,58,1983-01-01
7,Hello,Lionel Richie,1984,track:Hello artist:Lionel Richie,4HEm31NkNS90o5jIwgDEH9,44,2003
7,Hello,Lionel Richie,1984,track:Hello artist:Lionel Richie,1b16zIZIdL2LIMfDiANwIk,41,1983
7,Hello,Lionel Richie,1984,track:Hello artist:Lionel Richie,1vFO4WIvw4fQ0oHkyt4rEC,39,2003-01-01
7,Hello,Lionel Richie,1984,track:Hello artist:Lionel Richie,7iRn29IFKugXZQOWQx4F1s,29,2012-01-01
8,Owner of a Lonely Heart,Yes,1984,track:Owner of a Lonely Heart artist:Yes,0GTK6TesV108Jj5D3MHsYb,70,1983-06-01
8,Owner of a Lonely Heart,Yes,1984,track:Owner of a Lonely Heart artist:Yes,6GfOATEigvEKLmCw46Qcq8,0,2021-05-07
8,Owner of a Lonely Heart,Yes,1984,track:Owner of a Lonely Heart artist:Yes,6Lzs4CjevmzeWBPOyvZLIE,0,2021-05-07
8,Owner of a Lonely Heart,Yes,1984,track:Owner of a Lonely Heart artist:Yes,39SZkVBa50CMEHPVmvP44q,0,2021-05-07
8,Owner of a Lonely Heart,Yes,1984,track:Owner of a Lonely Heart artist:Yes,135g9umvjVgm4enKIS5S6u,0,2021-05-07
9,Ghostbusters,Ray Parker Jr.,1984,track:Ghostbusters artist:Ray Parker Jr.,300zfRaCgTmEm5Eqe3HqZZ,62,2000-02-08
9,Ghostbusters,Ray Parker Jr.,1984,track:Ghostbusters artist:Ray Parker Jr.,569uHYIB0X324FZOBEhvit,60,1993-10-12
9,Ghostbusters,Ray Parker Jr.,1984,track:Ghostbusters artist:Ray Parker Jr.,0phGofl3ppS5Itk1zM9eKa,48,1984-06-08
9,Ghostbusters,Ray Parker Jr.,1984,track:Ghostbusters artist:Ray Parker Jr.,3m0y8qLoznUYi73SUBP8GI,53,2016-07-15
9,Ghostbusters,Ray Parker Jr.,1984,track:Ghostbusters artist:Ray Parker Jr.,0sTHEo24E8LxasEkSnpUkx,44,2010-02-26
10,Karma Chameleon,Culture Club,1984,track:Karma Chameleon artist:Culture Club,2wSAWEYUHkt92X4SBAPqZE,73,1983-10-01
10,Karma Chameleon,Culture Club,1984,track:Karma Chameleon artist:Culture Club,48O0GrGJWml3DzHhC5sJ7a,64,1993-01-01
10,Karma Chameleon,Culture Club,1984,track:Karma Chameleon artist:Culture Club,5Tf36iw5YmHosnTk6cTeik,0,2021-05-11
10,Karma Chameleon,Culture Club,1984,track:Karma Chameleon artist:Culture Club,7bssZMUu3emtp1TrPfTnls,0,2021-05-11
10,Karma Chameleon,Culture Club,1984,track:Karma Chameleon artist:Culture Club,5n2o8ct7efuy6J2jlZ2t3u,45,1987-01-01
11,Missing You,John Waite,1984,track:Missing You artist:John Waite,1Qrdlkgg9I4J7r3P4kZNwr,70,1984-01-01
11,Missing You,John Waite,1984,track:Missing You artist:John Waite,5P6Wv0hlcnczhElizTY0UE,38,2008-01-01
11,Missing You,John Waite,1984,track:Missing You artist:John Waite,5k2gYOc2fdR3BLdUxlqjDR,0,2021-05-07
11,Missing You,John Waite,1984,track:Missing You artist:John Waite,2hQPcmIVPr4Ww73SFyZB82,0,2021-05-07
11,Missing You,John Waite,1984,track:Missing You artist:John Waite,4XZKqYHM8CvebWksalLCrS,32,2015-06-16
12,All Night Long (All Night),Lionel Richie,1984,track:All Night Long (All Night) artist:Lionel Richie,4giIdAr7Plyu5LQzBOR4FP,59,1992-01-01
12,All Night Long (All Night),Lionel Richie,1984,track:All Night Long (All Night) artist:Lionel Richie,2Wb9ejnmy27DUTUe9YF5Ew,63,2003
12,All Night Long (All Night),Lionel Richie,1984,track:All Night Long (All Night) artist:Lionel Richie,3okegK7n5f05SdVBLK3kZF,6,2021-05-07
12,All Night Long (All Night),Lionel Richie,1984,track:All Night Long (All Night) artist:Lionel Richie,7gaQtc0vrSpmRJpSMDiPEk,52,1983
12,All Night Long (All Night),Lionel Richie,1984,track:All Night Long (All Night) artist:Lionel Richie,6u0CQFBsn3NEuZDuaDwiXe,40,2012-01-01
13,Let s Hear It for the Boy,Deniece Williams,1984,track:Let s Hear It for the Boy artist:Deniece Williams,4VyU9Tg4drTj2mOUZHSK2u,66,2016-04-01
13,Let s Hear It for the Boy,Deniece Williams,1984,track:Let s Hear It for the Boy artist:Deniece Williams,5kaF88lat4fWUiDXP6G48M,55,1984
13,Let s Hear It for the Boy,Deniece Williams,1984,track:Let s Hear It for the Boy artist:Deniece Williams,2WfuubspEpApFFLJLVAOnU,39,2001-08-08
13,Let s Hear It for the Boy,Deniece Williams,1984,track:Let s Hear It for the Boy artist:Deniece Williams,1y8TSlMsECCLQEQiw0WkSc,41,2010-02-26
13,Let s Hear It for the Boy,Deniece Williams,1984,track:Let s Hear It for the Boy artist:Deniece Williams,78U9ftoV4Y5PmtHAzTZnFr,39,1984-10-12
14,Dancing in the Dark,Bruce Springsteen,1984,track:Dancing in the Dark artist:Bruce Springsteen,7FwBtcecmlpc1sLySPXeGE,77,1984-06-04
14,Dancing in the Dark,Bruce Springsteen,1984,track:Dancing in the Dark artist:Bruce Springsteen,1ONJfXwpdE7gS6i2SGFnF0,47,2018-12-14
14,Dancing in the Dark,Bruce Springsteen,1984,track:Dancing in the Dark artist:Bruce Springsteen,211PWVr3FF49fYoItC6QA0,28,2014-03-03
14,Dancing in the Dark,Bruce Springsteen,1984,track:Dancing in the Dark artist:Bruce Springsteen,27CoctPy1sEPwDDS3aL15u,37,1995-02-27
14,Dancing in the Dark,Bruce Springsteen,1984,track:Dancing in the Dark artist:Bruce Springsteen,4zYraRJT4TatJ56pobMjTi,30,2015-10-16
15,Girls Just Want To Have Fun,Cyndi Lauper,1984,track:Girls Just Want To Have Fun artist:Cyndi Lauper,4y1LsJpmMti1PfRQV9AWWe,77,1983-10-14
15,Girls Just Want To Have Fun,Cyndi Lauper,1984,track:Girls Just Want To Have Fun artist:Cyndi Lauper,2zjt2hHBbiv5SuxYg8Z7eP,67,2014-03-28
15,Girls Just Want To Have Fun,Cyndi Lauper,1984,track:Girls Just Want To Have Fun artist:Cyndi Lauper,0uqOqX59mgWBqfPAdX0BDK,51,2001-08-08
15,Girls Just Want To Have Fun,Cyndi Lauper,1984,track:Girls Just Want To Have Fun artist:Cyndi Lauper,0QVgZCAnasHo3TevIz7XLW,54,1983
15,Girls Just Want To Have Fun,Cyndi Lauper,1984,track:Girls Just Want To Have Fun artist:Cyndi Lauper,2TNunMoVo2ljfEQYwEZuQk,33,2014-03-03
16,The Reflex,Duran Duran,1984,track:The Reflex artist:Duran Duran,4sz1Ng2Cgidfqqiy0pNL6R,57,1983-11-21
16,The Reflex,Duran Duran,1984,track:The Reflex artist:Duran Duran,0OsWMTxDjtpmJjX43113oq,50,1998-11-09
16,The Reflex,Duran Duran,1984,track:The Reflex artist:Duran Duran,3gsIAou7LjiL3ayF9dR46V,34,1983-11-21
16,The Reflex,Duran Duran,1984,track:The Reflex artist:Duran Duran,60StghTk9dzZHrtd470zcp,40,1983-11-21
16,The Reflex,Duran Duran,1984,track:The Reflex artist:Duran Duran,4DDgVahgRnITUk6Wnu5FWR,34,2003
17,Time After Time,Cyndi Lauper,1984,track:Time After Time artist:Cyndi Lauper,7o9uu2GDtVDr9nsR7ZRN73,73,1983-10-14
17,Time After Time,Cyndi Lauper,1984,track:Time After Time artist:Cyndi Lauper,1Jj6MF0xDOMA3Ut2Z368Bx,70,2014-03-28
17,Time After Time,Cyndi Lauper,1984,track:Time After Time artist:Cyndi Lauper,6G41H0Zd0kQ1WXWDoEotoJ,60,1983
17,Time After Time,Cyndi Lauper,1984,track:Time After Time artist:Cyndi Lauper,0f9Zt37k5AnTkrGIFqhkK6,46,2017-10-27
17,Time After Time,Cyndi Lauper,1984,track:Time After Time artist:Cyndi Lauper,4m4lcGLd74L2XtwLxzAEPW,41,2005-11-18
18,Jump (For My Love),The Pointer Sisters,1984,track:Jump (For My Love) artist:The Pointer Sisters,3L9ClO1W5KmebIXTrlKShF,59,1983-11-06
18,Jump (For My Love),The Pointer Sisters,1984,track:Jump (For My Love) artist:The Pointer Sisters,4k0bXm9Q4RaTuYi09i4lKK,53,1989-09-21
18,Jump (For My Love),The Pointer Sisters,1984,track:Jump (For My Love) artist:The Pointer Sisters,4WoT9wgK9o1cxBfKRWlRzx,47,2017-12-15
18,Jump (For My Love),The Pointer Sisters,1984,track:Jump (For My Love) artist:The Pointer Sisters,0EYigGnn91koV8IhpDjCrG,46,1984-02-01
18,Jump (For My Love),The Pointer Sisters,1984,track:Jump (For My Love) artist:The Pointer Sisters,2TIKxe1afsEcYWBvyTgQt3,38,2003-09-03
19,Talking in Your Sleep,The Romantics,1984,track:Talking in Your Sleep artist:The Romantics,7fRvtXvJMpGfTLdF0M09a1,61,1983-02-14
19,Talking in Your Sleep,The Romantics,1984,track:Talking in Your Sleep artist:The Romantics,6FXQERPP5in7i1o3hk1vWi,45,2001-08-08
19,Talking in Your Sleep,The Romantics,1984,track:Talking in Your Sleep artist:The Romantics,08JKuFJCHJVw1SgHHjwsS9,47,1990
19,Talking in Your Sleep,The Romantics,1984,track:Talking in Your Sleep artist:The Romantics,1LVDyF6lGAPQGiL09X9m01,42,2017-10-27
19,Talking in Your Sleep,The Romantics,1984,track:Talking in Your Sleep artist:The Romantics,2faLQcZfV1qG82eNJRjLBM,28,2014-03-03
20,Self Control,Laura Branigan,1984,track:Self Control artist:Laura Branigan,6JNJERZGJwDVgkmbohBw7u,71,1984
20,Self Control,Laura Branigan,1984,track:Self Control artist:Laura Branigan,4JsQkSOE4taeyhH3pv1een,44,1995-06-06
20,Self Control,Laura Branigan,1984,track:Self Control artist:Laura Branigan,7skyR8nK3vnDikYFBoUVw6,40,2020-07-31
20,Self Control,Laura Branigan,1984,track:Self Control artist:Laura Branigan,0EyuivrtAjXPUI1G9GX3Na,28,2018-05-17
20,Self Control,Laura Branigan,1984,track:Self Control artist:Laura Branigan,294uLZvse9DtrkOI055qrC,23,2020-07-31
21,Let s Go Crazy,Prince and The Revolution,1984,track:Let s Go Crazy artist:Prince and The Revolution,0QeI79sp1vS8L3JgpEO7mD,64,1984-06-25
21,Let s Go Crazy,Prince and The Revolution,1984,track:Let s Go Crazy artist:Prince and The Revolution,4pkEET0wXNNY5o61lVK5FF,49,2017-06-23
21,Let s Go Crazy,Prince and The Revolution,1984,track:Let s Go Crazy artist:Prince and The Revolution,5dNycZ5wpyN5RIpwaXIXG6,47,2017-06-23
21,Let s Go Crazy,Prince and The Revolution,1984,track:Let s Go Crazy artist:Prince and The Revolution,6wuqxoGer92sx2uI0R4C7e,33,2017-06-23
21,Let s Go Crazy,Prince and The Revolution,1984,track:Let s Go Crazy artist:Prince and The Revolution,21Zwa4cIGqMUE3kRAhQyFB,33,2017-06-23
22,Say It Isn t So,Hall & Oates,1984,track:Say It Isn t So artist:Hall & Oates,2bZswvNGESo7MKeg7SQ9rp,47,2001-01-23
22,Say It Isn t So,Hall & Oates,1984,track:Say It Isn t So artist:Hall & Oates,1ATq1R2bLeKXOSti9kzj5f,44,1983
22,Say It Isn t So,Hall & Oates,1984,track:Say It Isn t So artist:Hall & Oates,4843WahopEKCHAxJl4p6BG,34,2005-04-25
22,Say It Isn t So,Hall & Oates,1984,track:Say It Isn t So artist:Hall & Oates,61nCGYiKiX8zCR7zbNERVO,25,2015-01-01
22,Say It Isn t So,Hall & Oates,1984,track:Say It Isn t So artist:Hall & Oates,20yEfkR1ykpnyzmakeal9O,18,1983-10-18
23,Hold Me Now,Thompson Twins,1984,track:Hold Me Now artist:Thompson Twins,0BJU4rYOfj43xHw6gvTIwE,57,1984-10-01
23,Hold Me Now,Thompson Twins,1984,track:Hold Me Now artist:Thompson Twins,3xkoUGbf11dLvsfIdgfmIp,52,1988
23,Hold Me Now,Thompson Twins,1984,track:Hold Me Now artist:Thompson Twins,7r17jMIduL3BTaxdsUIwj6,47,2006-05-30
23,Hold Me Now,Thompson Twins,1984,track:Hold Me Now artist:Thompson Twins,0H9gfzMFbFrMsbzVMHjQbc,32,2014-03-03
23,Hold Me Now,Thompson Twins,1984,track:Hold Me Now artist:Thompson Twins,0b5eH3euyAs3pyfoebeWaZ,36,2003-01-01
24,Joanna,Kool & The Gang,1984,track:Joanna artist:Kool & The Gang,6edQfeOlqbGteYixpJl3Sm,52,1999-03-01
24,Joanna,Kool & The Gang,1984,track:Joanna artist:Kool & The Gang,2TsogJzspZGV6eQuq2CEs8,41,1983-11-21
24,Joanna,Kool & The Gang,1984,track:Joanna artist:Kool & The Gang,4TjTlWMvBczb9k0VrUS0gW,21,2011-03-30
24,Joanna,Kool & The Gang,1984,track:Joanna artist:Kool & The Gang,4RBFCZyOFzKJr1lXNCDq1n,22,2005-01-01
24,Joanna,Kool & The Gang,1984,track:Joanna artist:Kool & The Gang,0l7IjJQOSHdj9mp5TaBDhB,18,2007-10-29
25,I Just Called to Say I Love You,Stevie Wonder,1984,track:I Just Called to Say I Love You artist:Stevie Wonder,6RNDeRnWsRMjPdNVgupZCs,74,1999-11-23
25,I Just Called to Say I Love You,Stevie Wonder,1984,track:I Just Called to Say I Love You artist:Stevie Wonder,6cCYFe7WpxzIINXayhthrw,0,2021-05-07
25,I Just Called to Say I Love You,Stevie Wonder,1984,track:I Just Called to Say I Love You artist:Stevie Wonder,0kVE2yBjTwnFqbsrXRKg5Y,39,1984-08-28
25,I Just Called to Say I Love You,Stevie Wonder,1984,track:I Just Called to Say I Love You artist:Stevie Wonder,2W8J9Gfw5q8tSvsuWSnMBl,34,2002-10-29
25,I Just Called to Say I Love You,Stevie Wonder,1984,track:I Just Called to Say I Love You artist:Stevie Wonder,7yhYeVOti4KCNRQhBE2qFj,32,2002-10-29
26,Somebody s Watching Me,Rockwell,1984,track:Somebody s Watching Me artist:Rockwell,6hci8n9UowepjRmCc6CKTv,67,1993-01-15
26,Somebody s Watching Me,Rockwell,1984,track:Somebody s Watching Me artist:Rockwell,2H2379xRxgQVvcOSoL8Ajr,49,2012-02-01
26,Somebody s Watching Me,Rockwell,1984,track:Somebody s Watching Me artist:Rockwell,0yelVo6DA76GpFfBRPnK0j,46,2006-01-01
26,Somebody s Watching Me,Rockwell,1984,track:Somebody s Watching Me artist:Rockwell,1R0h0cWBjD459rdYutjvT3,47,2021-02-19
26,Somebody s Watching Me,Rockwell,1984,track:Somebody s Watching Me artist:Rockwell,1bNHxVNVvSUstYtbU55npC,34,2020-09-24
27,Break My Stride,Matthew Wilder,1984,track:Break My Stride artist:Matthew Wilder,1mCsF9Tw4AkIZOjvZbZZdT,74,1983-03-19
27,Break My Stride,Matthew Wilder,1984,track:Break My Stride artist:Matthew Wilder,2ZqT3GcisHUBsEaqhLGHwU,63,2001-08-08
27,Break My Stride,Matthew Wilder,1984,track:Break My Stride artist:Matthew Wilder,4aZSf3aNrb2VBQSGKn4EJ8,31,2014-03-03
28,99 Luftballons,Nena,1984,track:99 Luftballons artist:Nena,4ZhPLoMzZwewHLLjV1J15c,73,1983-09-23
28,99 Luftballons,Nena,1984,track:99 Luftballons artist:Nena,7p8HVe22aGW1XtO1hoDHGo,54,1984-04-08
28,99 Luftballons,Nena,1984,track:99 Luftballons artist:Nena,4tQfqWwXGltCVrV8NNt7FS,30,1991-09-09
28,99 Luftballons,Nena,1984,track:99 Luftballons artist:Nena,12A2FvmVADgyqNdC2rdg8m,29,1984-04-08
28,99 Luftballons,Nena,1984,track:99 Luftballons artist:Nena,6OLw64FeN5bwM5vtO6Rz3w,28,2010-11-05
29,I Can Dream About You,Dan Hartman,1984,track:I Can Dream About You artist:Dan Hartman,37nxLdGbmgEYQYrqe14xOp,62,2011-01-01
29,I Can Dream About You,Dan Hartman,1984,track:I Can Dream About You artist:Dan Hartman,4MydF90Pp0nwbGZX0dDYBW,27,2012-10-09
29,I Can Dream About You,Dan Hartman,1984,track:I Can Dream About You artist:Dan Hartman,2CGRGQilSOu5uZAHrcvZp8,24,2019-09-06
29,I Can Dream About You,Dan Hartman,1984,track:I Can Dream About You artist:Dan Hartman,5SWVLNQc7uVO2UYBAg2HC9,22,2019-01-18
29,I Can Dream About You,Dan Hartman,1984,track:I Can Dream About You artist:Dan Hartman,16L1Pe6CY31iHtqbXj38Yu,13,2020-08-31
30,The Glamorous Life,Sheila E.,1984,track:The Glamorous Life artist:Sheila E.,179SfVFJ0ZN41toTxnpgRD,53,1984
30,The Glamorous Life,Sheila E.,1984,track:The Glamorous Life artist:Sheila E.,4Jq5ea6oLv2WxP8QzvY2RT,43,1984
30,The Glamorous Life,Sheila E.,1984,track:The Glamorous Life artist:Sheila E.,2hzGTFSVODjd05jsMABQwc,34,2013-03-22
30,The Glamorous Life,Sheila E.,1984,track:The Glamorous Life artist:Sheila E.,5I0620xa6ecXZinsDUUcYF,37,1984
30,The Glamorous Life,Sheila E.,1984,track:The Glamorous Life artist:Sheila E.,6fjHmx74TeXIqFOHiuK0FH,14,2020-06-12
31,Oh Sherrie,Steve Perry,1984,track:Oh Sherrie artist:Steve Perry,4zEi4tr3lEhiAvTRxEzbEz,65,1984-04-01
31,Oh Sherrie,Steve Perry,1984,track:Oh Sherrie artist:Steve Perry,4gIyKszpeZcqWyzidti94z,23,1998-12-01
32,Stuck on You,Lionel Richie,1984,track:Stuck on You artist:Lionel Richie,0ROwoz82DIW4tOzkxYnSjf,59,1983-01-01
32,Stuck on You,Lionel Richie,1984,track:Stuck on You artist:Lionel Richie,1hIl0BhA7NrCrCkSQuSL9M,1,2021-05-07
32,Stuck on You,Lionel Richie,1984,track:Stuck on You artist:Lionel Richie,6epEOdkJW3jNqCskbBUKse,0,2021-05-07
32,Stuck on You,Lionel Richie,1984,track:Stuck on You artist:Lionel Richie,6rO6HDqU4AmH5SkjOy0Ohd,41,2012-01-01
32,Stuck on You,Lionel Richie,1984,track:Stuck on You artist:Lionel Richie,0vThqcPGmeaAisNIVZlvfL,38,2003
33,I Guess That s Why They Call It the Blues,Elton John,1984,track:I Guess That s Why They Call It the Blues artist:Elton John,23l1kVpqMVREiwU1YAlcr4,69,1983-05-30
33,I Guess That s Why They Call It the Blues,Elton John,1984,track:I Guess That s Why They Call It the Blues artist:Elton John,7egbV3zR5ZtJ00kO4OdmFq,46,2017-11-10
33,I Guess That s Why They Call It the Blues,Elton John,1984,track:I Guess That s Why They Call It the Blues artist:Elton John,4nlFjgQwkJ6vZbcJifnKbb,27,1990-11-08
33,I Guess That s Why They Call It the Blues,Elton John,1984,track:I Guess That s Why They Call It the Blues artist:Elton John,4uWpPqV6MgE75VuVhtdNlL,22,2000-01-01
33,I Guess That s Why They Call It the Blues,Elton John,1984,track:I Guess That s Why They Call It the Blues artist:Elton John,2IdX78foFmCvbw2sfsfucl,28,1996-01-01
34,She Bop,Cyndi Lauper,1984,track:She Bop artist:Cyndi Lauper,2FAL6hxj5Qxuj0kWOkEOsF,52,1983-10-14
34,She Bop,Cyndi Lauper,1984,track:She Bop artist:Cyndi Lauper,3ptxtmBTnLLPJZQo32IFLI,33,2014-03-28
34,She Bop,Cyndi Lauper,1984,track:She Bop artist:Cyndi Lauper,2OF6mGKBNEhkGm86ClnoiT,27,1983
34,She Bop,Cyndi Lauper,1984,track:She Bop artist:Cyndi Lauper,0uFyj0gAkTPK0GMviX3i1q,23,1983
34,She Bop,Cyndi Lauper,1984,track:She Bop artist:Cyndi Lauper,3WSOJ2AB3uOtTXXKNulW5l,20,2014-03-28
35,Borderline,Madonna,1984,track:Borderline artist:Madonna,4FMNpPI7mkhdeFCCk6fZiE,56,2009-09-18
35,Borderline,Madonna,1984,track:Borderline artist:Madonna,4SuabhTNPBTBFjfOjhvRNQ,45,1983-07-27
35,Borderline,Madonna,1984,track:Borderline artist:Madonna,0WeATn9QzAPOyR53O3VDTJ,44,1990-11-09
35,Borderline,Madonna,1984,track:Borderline artist:Madonna,6yBVTTbpU9NC14uIcUcp4A,28,2009-09-18
35,Borderline,Madonna,1984,track:Borderline artist:Madonna,7dcE4ULv6c3nUJaBD0CIUT,16,2010-03-30
36,Sunglasses at Night,Corey Hart,1984,track:Sunglasses at Night artist:Corey Hart,1QbQL5m30YNvukitIqAnFG,60,1992-01-01
36,Sunglasses at Night,Corey Hart,1984,track:Sunglasses at Night artist:Corey Hart,5uRsBdLhn91AYcsTCOGNOC,54,1983
36,Sunglasses at Night,Corey Hart,1984,track:Sunglasses at Night artist:Corey Hart,64qqAndEvEwOcGlOYZnwqf,47,2017-10-27
36,Sunglasses at Night,Corey Hart,1984,track:Sunglasses at Night artist:Corey Hart,3CsV1prUIpo8pqt7vxF9wc,33,2010-01-01
36,Sunglasses at Night,Corey Hart,1984,track:Sunglasses at Night artist:Corey Hart,7y7qIMe2OWPpH9aOqRstPe,4,2015-12-18
37,Eyes Without a Face,Billy Idol,1984,track:Eyes Without a Face artist:Billy Idol,0pUVeEgZuNyFzIMKp67RbS,68,1983-11-01
37,Eyes Without a Face,Billy Idol,1984,track:Eyes Without a Face artist:Billy Idol,3HCah9Waf9Jby9gLIWN4MI,59,2001-01-01
37,Eyes Without a Face,Billy Idol,1984,track:Eyes Without a Face artist:Billy Idol,3N1RygKJpvw7jMvJTTb5Aj,48,2021-02-12
37,Eyes Without a Face,Billy Idol,1984,track:Eyes Without a Face artist:Billy Idol,7pzVqCZdYKM7oEPwaiQchB,49,2008-01-01
37,Eyes Without a Face,Billy Idol,1984,track:Eyes Without a Face artist:Billy Idol,2V5SPF7Wa9X7IQ8StyRJI3,24,2008-01-01
38,Here Comes the Rain Again,Eurythmics,1984,track:Here Comes the Rain Again artist:Eurythmics,78RIER8V6EhrqVPOBi2GYa,64,1983-11-14
38,Here Comes the Rain Again,Eurythmics,1984,track:Here Comes the Rain Again artist:Eurythmics,5vYhr2kgOonJtWeJq5qZzU,43,2005-11-11
38,Here Comes the Rain Again,Eurythmics,1984,track:Here Comes the Rain Again artist:Eurythmics,2HJ0irMgolBlOGk29m8Gu1,32,1983-11-14
38,Here Comes the Rain Again,Eurythmics,1984,track:Here Comes the Rain Again artist:Eurythmics,5xDVxnKQpLDJZXEHzJMBvg,23,2005-11-08
38,Here Comes the Rain Again,Eurythmics,1984,track:Here Comes the Rain Again artist:Eurythmics,1PKZY6tVj4hqTQUjV3jjRv,25,1993-11-20
39,Uptown Girl,Billy Joel,1984,track:Uptown Girl artist:Billy Joel,5zA8vzDGqPl2AzZkEYQGKh,77,1983-08-08
39,Uptown Girl,Billy Joel,1984,track:Uptown Girl artist:Billy Joel,3CSpzkoL1XgDBZ1q9aDCUV,66,2001-10-02
39,Uptown Girl,Billy Joel,1984,track:Uptown Girl artist:Billy Joel,1gt9Cds4in6K9ij9M4nuzW,26,2014-03-03
39,Uptown Girl,Billy Joel,1984,track:Uptown Girl artist:Billy Joel,02kFRXNKBwIFLaBXfNySdk,31,1985-06-29
39,Uptown Girl,Billy Joel,1984,track:Uptown Girl artist:Billy Joel,5fiQ9K7bAl7QeuBPqwbCvL,25,2014-05-19
40,Sister Christian,Night Ranger,1984,track:Sister Christian artist:Night Ranger,57trQKFZdJxHia4sMJioWk,64,1983-01-01
40,Sister Christian,Night Ranger,1984,track:Sister Christian artist:Night Ranger,6LoSKNsYkRQbyuiReooMjG,54,1997-01-01
40,Sister Christian,Night Ranger,1984,track:Sister Christian artist:Night Ranger,2eTAQgPEj94IKzBfKFnESm,40,2000-01-01
40,Sister Christian,Night Ranger,1984,track:Sister Christian artist:Night Ranger,3kHnGcTu37NFGYbMd7NHeo,27,1999-07-06
40,Sister Christian,Night Ranger,1984,track:Sister Christian artist:Night Ranger,5oqADMSpjEggTFWieQ0ZLx,22,1989-01-01
41,Drive,The Cars,1984,track:Drive artist:The Cars,3wfujdbamR3Z46F4xav7LM,68,1984-03-13
41,Drive,The Cars,1984,track:Drive artist:The Cars,2lFFiNm0XtgJ6wkdncTB4k,68,1984
41,Drive,The Cars,1984,track:Drive artist:The Cars,1s4Mvh3jgFCJJijR53JIEx,41,2002-02-19
41,Drive,The Cars,1984,track:Drive artist:The Cars,5qLwEAZvfYx1hzj1Q3LRXW,32,2018-11-09
41,Drive,The Cars,1984,track:Drive artist:The Cars,3ULrIwW1pKVaakrB3eCFpD,23,2017-06-23
42,Twist of Fate,Olivia Newton-John,1984,track:Twist of Fate artist:Olivia Newton-John,533BzrB9TWzWH27T9Ra7Um,40,2002-02-05
42,Twist of Fate,Olivia Newton-John,1984,track:Twist of Fate artist:Olivia Newton-John,7k7i5YHJSLTbBSuwnWtSBn,51,2017-10-27
43,Union of the Snake,Duran Duran,1984,track:Union of the Snake artist:Duran Duran,3JpaL6FMH9kjVWMA1mTmRl,46,1983-11-21
43,Union of the Snake,Duran Duran,1984,track:Union of the Snake artist:Duran Duran,2iitSsbNPH0EJPyyEpvSgg,33,1983-11-21
43,Union of the Snake,Duran Duran,1984,track:Union of the Snake artist:Duran Duran,7piNEolzn07prentrlDL6Q,36,1998-11-09
43,Union of the Snake,Duran Duran,1984,track:Union of the Snake artist:Duran Duran,6IIn4EKQDP1yRIqsb7bnra,21,1998
43,Union of the Snake,Duran Duran,1984,track:Union of the Snake artist:Duran Duran,7bs4c82jx4Rt6b2kovH23F,24,1989-11-13
44,The Heart of Rock & Roll,Huey Lewis and the News,1984,track:The Heart of Rock & Roll artist:Huey Lewis and the News,715sEYWkafd4xvl87dwZgu,56,2013-01-01
44,The Heart of Rock & Roll,Huey Lewis and the News,1984,track:The Heart of Rock & Roll artist:Huey Lewis and the News,0o4e5Tt4vorx2012FrGIjV,47,1983
44,The Heart of Rock & Roll,Huey Lewis and the News,1984,track:The Heart of Rock & Roll artist:Huey Lewis and the News,02B7SoMf8FmdWJdZTqpnWF,42,2006-01-01
44,The Heart of Rock & Roll,Huey Lewis and the News,1984,track:The Heart of Rock & Roll artist:Huey Lewis and the News,2WDZmR2Ebmi1ByddAGJzdl,27,2005-05-17
44,The Heart of Rock & Roll,Huey Lewis and the News,1984,track:The Heart of Rock & Roll artist:Huey Lewis and the News,6qwXOzWhQKBWO3a4BKUb7D,23,2013-01-01
45,Hard Habit to Break,Chicago,1984,track:Hard Habit to Break artist:Chicago,3Tows9RnoAq9CmMJaII2cO,60,1984-05-14
45,Hard Habit to Break,Chicago,1984,track:Hard Habit to Break artist:Chicago,7DLeSErR2mtp4cbTHscT8p,33,1984-05-14
45,Hard Habit to Break,Chicago,1984,track:Hard Habit to Break artist:Chicago,25tCoH8AHYx9K2tsdhXngp,40,2005-01-25
45,Hard Habit to Break,Chicago,1984,track:Hard Habit to Break artist:Chicago,58ad5AATQGQxXa5vgUiYsW,34,1984
45,Hard Habit to Break,Chicago,1984,track:Hard Habit to Break artist:Chicago,7esq59nAwrcf6qTXWVEfS0,28,2002-07-02
46,The Warrior,Scandal,1984,track:The Warrior artist:Scandal,2hQnLzly0jRPpLPp23sA4i,58,1984-08-21
46,The Warrior,Scandal,1984,track:The Warrior artist:Scandal,6NKMseV1WgnoxCFScdtLR5,33,2001-08-08
46,The Warrior,Scandal,1984,track:The Warrior artist:Scandal,1shdsuPuyehQTyHkTunW5F,24,1984-08-21
46,The Warrior,Scandal,1984,track:The Warrior artist:Scandal,7tWoFa1B6ZvnrV4R2yOE4d,14,2008
46,The Warrior,Scandal,1984,track:The Warrior artist:Scandal,4fnC54gyhIa1LfJPG1m7Zm,10,2011-08-02
47,If Ever You re in My Arms Again,Peabo Bryson,1984,track:If Ever You re in My Arms Again artist:Peabo Bryson,6ucfemTqUh5NjU161g4LtV,47,2017-08-04
47,If Ever You re in My Arms Again,Peabo Bryson,1984,track:If Ever You re in My Arms Again artist:Peabo Bryson,6zWSB11sqCRMTAuWYkccCt,52,1984
47,If Ever You re in My Arms Again,Peabo Bryson,1984,track:If Ever You re in My Arms Again artist:Peabo Bryson,2SbRhqkNdGh5Laa3cTYwUw,4,2019-07-05
47,If Ever You re in My Arms Again,Peabo Bryson,1984,track:If Ever You re in My Arms Again artist:Peabo Bryson,6d6vs4WtDTN9ZPBi3cXJWP,4,2019-06-01
47,If Ever You re in My Arms Again,Peabo Bryson,1984,track:If Ever You re in My Arms Again artist:Peabo Bryson,3kD55N5VQqYJcfSuXHtpOS,1,2020-12-11
48,Automatic,The Pointer Sisters,1984,track:Automatic artist:The Pointer Sisters,38TuEl4QqLM1VtJ5LK6FK0,49,1983-04-01
48,Automatic,The Pointer Sisters,1984,track:Automatic artist:The Pointer Sisters,0yPEHHXezar80rMIQVRfTu,41,1983-11-06
48,Automatic,The Pointer Sisters,1984,track:Automatic artist:The Pointer Sisters,32swrAYov1DRkmpbel6bUa,45,1984-02-01
48,Automatic,The Pointer Sisters,1984,track:Automatic artist:The Pointer Sisters,0FCyuLdiv6YXC8YvbYkDM3,40,1983-04-01
48,Automatic,The Pointer Sisters,1984,track:Automatic artist:The Pointer Sisters,7AJSeWSVBBLAQ6xfGyCssC,36,2006-05-30
49,Let the Music Play,Shannon,1984,track:Let the Music Play artist:Shannon,6b9hm8mvZ2KH7Fl7LLA5ct,39,2006-01-01
49,Let the Music Play,Shannon,1984,track:Let the Music Play artist:Shannon,5mBTCsJzmhB7C1RGeMN7as,26,2008-08-01
49,Let the Music Play,Shannon,1984,track:Let the Music Play artist:Shannon,5jOlnuW0MCSbeziweJNmrn,22,2006-01-01
49,Let the Music Play,Shannon,1984,track:Let the Music Play artist:Shannon,3tWaj9DJqVclcOmDJtOBlU,22,2006-01-01
49,Let the Music Play,Shannon,1984,track:Let the Music Play artist:Shannon,5Y4YWmT6arXJ2UsWxXQdpc,20,2011-05-03
51,Caribbean Queen,Billy Ocean,1984,track:Caribbean Queen artist:Billy Ocean,4JEylZNW8SbO4zUyfVrpb7,67,2010-04-26
51,Caribbean Queen,Billy Ocean,1984,track:Caribbean Queen artist:Billy Ocean,3pfJpM4ZrTAoFVi0uSnybS,48,1984-09-12
51,Caribbean Queen,Billy Ocean,1984,track:Caribbean Queen artist:Billy Ocean,270N4xGB60dza0AoB1tT9a,43,1984-09-12
51,Caribbean Queen,Billy Ocean,1984,track:Caribbean Queen artist:Billy Ocean,7LZj2ty0qFTI8qRPFmnejr,39,2010-02-26
51,Caribbean Queen,Billy Ocean,1984,track:Caribbean Queen artist:Billy Ocean,6gazozSyQbrglHYKh3EBff,26,2014-03-03
52,That s All,Genesis,1984,track:That s All artist:Genesis,2zFdsAIk9r2Mi7Lmm1w3sM,64,1983-10-03
52,That s All,Genesis,1984,track:That s All artist:Genesis,00pGaOhIq27ToaysOlbIGW,48,1999-10-25
52,That s All,Genesis,1984,track:That s All artist:Genesis,3DDNT4gjsx3RF7jsEf03FH,32,2004-11-29
52,That s All,Genesis,1984,track:That s All artist:Genesis,3xaBJGjMnrbuu2wlI5itEv,30,1983
52,That s All,Genesis,1984,track:That s All artist:Genesis,6zPgyeTfNriXcl5sRW7H5j,22,1992-11-16
53,Running with the Night,Lionel Richie,1984,track:Running with the Night artist:Lionel Richie,1dJX2lSiKGbkjKMB9PJuBq,37,1983-01-01
53,Running with the Night,Lionel Richie,1984,track:Running with the Night artist:Lionel Richie,7EAWB05mZwqsoj08jPRCCu,35,1992-01-01
53,Running with the Night,Lionel Richie,1984,track:Running with the Night artist:Lionel Richie,3dciOkDSHPrhvriovMdw8N,37,2003
53,Running with the Night,Lionel Richie,1984,track:Running with the Night artist:Lionel Richie,4LpwYQ6j9XYJYiwX59MfCm,31,1983
53,Running with the Night,Lionel Richie,1984,track:Running with the Night artist:Lionel Richie,3ypUkITgUD8glrnrZ1le3Z,22,2006-01-01
54,Sad Songs (Say So Much),Elton John,1984,track:Sad Songs (Say So Much) artist:Elton John,1fF2dvBsbTk2wrOEaR6f5B,51,1990-11-08
54,Sad Songs (Say So Much),Elton John,1984,track:Sad Songs (Say So Much) artist:Elton John,2LAgzgp3kmBG6uOqwms3eR,50,1984-07-09
54,Sad Songs (Say So Much),Elton John,1984,track:Sad Songs (Say So Much) artist:Elton John,08tspmmR7bxRKaAmhPlYKo,37,2017-11-10
54,Sad Songs (Say So Much),Elton John,1984,track:Sad Songs (Say So Much) artist:Elton John,1RSZn9kWxK9Ek6wmhz4JAB,20,2000-01-01
54,Sad Songs (Say So Much),Elton John,1984,track:Sad Songs (Say So Much) artist:Elton John,2WYfF5hwnTaVUQoYvAhjHK,31,2000-11-21
55,I Want a New Drug,Huey Lewis and the News,1984,track:I Want a New Drug artist:Huey Lewis and the News,0mZNKyrUmsrlDRoYHWsyMu,52,2006-01-01
55,I Want a New Drug,Huey Lewis and the News,1984,track:I Want a New Drug artist:Huey Lewis and the News,2yWf3FJLwB0ytfOpgqLoa2,43,1983
55,I Want a New Drug,Huey Lewis and the News,1984,track:I Want a New Drug artist:Huey Lewis and the News,12tgeg7ebk5bPe1yaRlSZl,36,2013-01-01
55,I Want a New Drug,Huey Lewis and the News,1984,track:I Want a New Drug artist:Huey Lewis and the News,0P7BhaKFxCj5Axs3xB0eiw,28,2005-05-17
55,I Want a New Drug,Huey Lewis and the News,1984,track:I Want a New Drug artist:Huey Lewis and the News,4WDK8JOQkx27ow5AeGIkGv,21,2013-01-01
57,Love Is a Battlefield,Pat Benatar,1984,track:Love Is a Battlefield artist:Pat Benatar,4wYqPn3Kg3vZrkVgW2oqAG,61,2001-01-01
57,Love Is a Battlefield,Pat Benatar,1984,track:Love Is a Battlefield artist:Pat Benatar,06dAFXkgM2OGAkGS3CxpEm,50,1983-01-01
57,Love Is a Battlefield,Pat Benatar,1984,track:Love Is a Battlefield artist:Pat Benatar,1ckCAIKgbrIl2kjYyH86pJ,44,2005-01-01
57,Love Is a Battlefield,Pat Benatar,1984,track:Love Is a Battlefield artist:Pat Benatar,64k3qg5AwnINfBXmCJOHA3,44,1989-01-01
57,Love Is a Battlefield,Pat Benatar,1984,track:Love Is a Battlefield artist:Pat Benatar,41CoPVBGQyaO9edYV2BKnp,44,1994-04-11
58,Infatuation,Rod Stewart,1984,track:Infatuation artist:Rod Stewart,0SO4oJBmDNjniJwjlHaIhO,27,2008-11-17
58,Infatuation,Rod Stewart,1984,track:Infatuation artist:Rod Stewart,2TduKpYWZMxYfDW4NXqgLZ,28,1984
58,Infatuation,Rod Stewart,1984,track:Infatuation artist:Rod Stewart,3ONQHqfJFlOqD5k0hQNmhH,31,1984
58,Infatuation,Rod Stewart,1984,track:Infatuation artist:Rod Stewart,40H5iM7GFAE6R12xYWBUW6,18,1989
58,Infatuation,Rod Stewart,1984,track:Infatuation artist:Rod Stewart,2XEQHke2QeL7aJE01tFqbV,16,2014-03-14
60,Legs,ZZ Top,1984,track:Legs artist:ZZ Top,7t6CAWplijBj4sdl0q3z0e,62,1983-03-23
60,Legs,ZZ Top,1984,track:Legs artist:ZZ Top,5ZEZPJpkTNz7vf0fiFJaQJ,0,2021-05-07
60,Legs,ZZ Top,1984,track:Legs artist:ZZ Top,54bP8tFfGqwcZlSEgtICfd,35,1983
60,Legs,ZZ Top,1984,track:Legs artist:ZZ Top,5QfzitntwKiG5zI8VVshQf,40,1992-04-13
60,Legs,ZZ Top,1984,track:Legs artist:ZZ Top,615wDxFCTJJweJgUyvaltK,25,2005-07-19
61,State of Shock,The Jacksons,1984,track:State of Shock artist:The Jacksons,3wEeL4kslSu7EwUAum1Kc6,11,2021-04-29
61,State of Shock,The Jacksons,1984,track:State of Shock artist:The Jacksons,2OdMZT725DKc3O8eK1Gm57,10,2021-04-29
61,State of Shock,The Jacksons,1984,track:State of Shock artist:The Jacksons,6s0pZPu6jeMvxFlG2to4D2,6,2021-04-29
61,State of Shock,The Jacksons,1984,track:State of Shock artist:The Jacksons,1LKa3i4U654U0VVrMmsK28,18,2021-04-29
61,State of Shock,The Jacksons,1984,track:State of Shock artist:The Jacksons,1sLTxLJzyoBJiPzv420KAx,43,1984-07-02
62,Love Somebody,Rick Springfield,1984,track:Love Somebody artist:Rick Springfield,1FSkS6h2UVI2LGAXlOYzcY,43,1984-04-07
62,Love Somebody,Rick Springfield,1984,track:Love Somebody artist:Rick Springfield,4wX7kEkj1UgFDMFbZIR3kZ,26,2011-03-15
62,Love Somebody,Rick Springfield,1984,track:Love Somebody artist:Rick Springfield,7M0KtzRNLE1wVrDKKARMvY,17,1999-03-20
62,Love Somebody,Rick Springfield,1984,track:Love Somebody artist:Rick Springfield,50jgGPWjlwTMKHKQ8pBpFN,37,1989-10-03
62,Love Somebody,Rick Springfield,1984,track:Love Somebody artist:Rick Springfield,1MGdKrFOPcmx03Q0Fut2vL,24,2018-02-02
63,Miss Me Blind,Culture Club,1984,track:Miss Me Blind artist:Culture Club,56SnVQVuJuqnYA6rLdcg32,49,1983-10-01
63,Miss Me Blind,Culture Club,1984,track:Miss Me Blind artist:Culture Club,6Y7vb4n0S7kt9b3cMhKi74,35,1993-01-01
63,Miss Me Blind,Culture Club,1984,track:Miss Me Blind artist:Culture Club,1oDRXm6ZJYp6van8Tlh1YG,32,2011-01-01
63,Miss Me Blind,Culture Club,1984,track:Miss Me Blind artist:Culture Club,2vexD4fGrQ2VI6mqogjjnD,30,1991-01-01
63,Miss Me Blind,Culture Club,1984,track:Miss Me Blind artist:Culture Club,3dI3pEAQun8bxFrCxuEmHj,26,1987-01-01
64,If This Is It,Huey Lewis and the News,1984,track:If This Is It artist:Huey Lewis and the News,2pAdtQuiEVGr7nOXGiv7t4,50,1983
64,If This Is It,Huey Lewis and the News,1984,track:If This Is It artist:Huey Lewis and the News,2h41e1ebabMfij3upGdymH,44,2006-01-01
64,If This Is It,Huey Lewis and the News,1984,track:If This Is It artist:Huey Lewis and the News,0c2VC70y7jq5qMPQnuunCP,36,2013-01-01
64,If This Is It,Huey Lewis and the News,1984,track:If This Is It artist:Huey Lewis and the News,3B4g4GhJAAQIpAyi4kBsiG,21,2013-01-01
64,If This Is It,Huey Lewis and the News,1984,track:If This Is It artist:Huey Lewis and the News,40W6m9xlzRXaGO66JpKbSn,21,2005-05-17
65,You Might Think,The Cars,1984,track:You Might Think artist:The Cars,35wVRTJlUu2kDkqXFegOKt,62,1984
65,You Might Think,The Cars,1984,track:You Might Think artist:The Cars,7BvuV4c1BGhaRapcXvRu5z,57,1984-03-13
65,You Might Think,The Cars,1984,track:You Might Think artist:The Cars,5Ydb4BEoVbBd9nufrsWQHj,0,2021-05-07
65,You Might Think,The Cars,1984,track:You Might Think artist:The Cars,1EdjKewzfxizQtfrxrkK3r,2,2021-05-07
65,You Might Think,The Cars,1984,track:You Might Think artist:The Cars,1ShOixQViqlhgbkjjR2jkU,41,2002-02-19
66,Lucky Star,Madonna,1984,track:Lucky Star artist:Madonna,2hWI9GNr3kBrxZ7Mphho4Q,53,1983-07-27
66,Lucky Star,Madonna,1984,track:Lucky Star artist:Madonna,7nRwpTzjrFFNFpdHT76NOz,41,2009-09-18
66,Lucky Star,Madonna,1984,track:Lucky Star artist:Madonna,4ZMVDX8tavcJQeqH31qf13,39,1990-11-09
66,Lucky Star,Madonna,1984,track:Lucky Star artist:Madonna,6gTREVvbhMEIluqtLRMWuI,32,1983-07-27
66,Lucky Star,Madonna,1984,track:Lucky Star artist:Madonna,4EPGPgv3kCGXiAdE5IoNuI,21,2007-01-30
67,Cover Me,Bruce Springsteen,1984,track:Cover Me artist:Bruce Springsteen,4U7NhC2rQTAhH7dw7H0goB,55,1984-06-04
67,Cover Me,Bruce Springsteen,1984,track:Cover Me artist:Bruce Springsteen,6fxIgKUXu6b4UQmX3Gbdap,31,1986-11-10
67,Cover Me,Bruce Springsteen,1984,track:Cover Me artist:Bruce Springsteen,6r99yGK6QAbL5am4hvB4uq,18,2019-08-09
68,Cum on Feel the Noize,Quiet Riot,1984,track:Cum on Feel the Noize artist:Quiet Riot,3vV3cr2TpPqFk07zxYUbla,70,1983
68,Cum on Feel the Noize,Quiet Riot,1984,track:Cum on Feel the Noize artist:Quiet Riot,6FBmHx1FuaSnTnnnaThgbF,66,1996
68,Cum on Feel the Noize,Quiet Riot,1984,track:Cum on Feel the Noize artist:Quiet Riot,0Ei6HMtz7OXokDQ0HmUfOu,42,1999
68,Cum on Feel the Noize,Quiet Riot,1984,track:Cum on Feel the Noize artist:Quiet Riot,3sswspym5LLTgZTOS6FIsq,41,2007-01-01
68,Cum on Feel the Noize,Quiet Riot,1984,track:Cum on Feel the Noize artist:Quiet Riot,0e33w4vGWXq4GIHYirgiGm,41,2010-02-26
70,Adult Education,Hall & Oates,1984,track:Adult Education artist:Hall & Oates,3sIsG7vDZr17BVimMeZZQS,51,1983
70,Adult Education,Hall & Oates,1984,track:Adult Education artist:Hall & Oates,7ADFqIjMLrhRXyWoxeEhGf,32,2001-01-23
70,Adult Education,Hall & Oates,1984,track:Adult Education artist:Hall & Oates,6QRXuf3AtNXowhKAgHK5gb,28,2005-04-25
70,Adult Education,Hall & Oates,1984,track:Adult Education artist:Hall & Oates,00n4ygJRp0HJoLokGU0yvA,18,1983-10-18
70,Adult Education,Hall & Oates,1984,track:Adult Education artist:Hall & Oates,63hOqTsIPkNiImEeIvHjtS,16,2003-03-22
71,They Don t Know,Tracey Ullman,1984,track:They Don t Know artist:Tracey Ullman,0tOkXHcYsR2Y07XiGl0Yme,47,1983-11-25
71,They Don t Know,Tracey Ullman,1984,track:They Don t Know artist:Tracey Ullman,5Uu5QszGiGrBpbuHwO8XTA,12,1983-11-25
71,They Don t Know,Tracey Ullman,1984,track:They Don t Know artist:Tracey Ullman,1ToX8TrTv0gKfQRPOecoVe,15,2002-11-18
72,An Innocent Man,Billy Joel,1984,track:An Innocent Man artist:Billy Joel,1Gg14U26oq94uWcG7khccX,53,1983-08-08
72,An Innocent Man,Billy Joel,1984,track:An Innocent Man artist:Billy Joel,4x1LynYPM9qOtmB7ggoVz0,32,2001-10-02
72,An Innocent Man,Billy Joel,1984,track:An Innocent Man artist:Billy Joel,0d1LZcddr5RgtSPVlyuC4R,24,1997-06-13
72,An Innocent Man,Billy Joel,1984,track:An Innocent Man artist:Billy Joel,433pr4AwUy4pKDtBvaSRDS,23,2006-06-13
72,An Innocent Man,Billy Joel,1984,track:An Innocent Man artist:Billy Joel,3vkuqDPSYqJvhPEEr4wR52,21,2014-05-19
73,Cruel Summer,Bananarama,1984,track:Cruel Summer artist:Bananarama,2EGaDf0cPX789H3LNeB03D,65,1984-01-01
73,Cruel Summer,Bananarama,1984,track:Cruel Summer artist:Bananarama,0wnJdLDUi9fkDl5nxhDlqO,53,2017-11-24
73,Cruel Summer,Bananarama,1984,track:Cruel Summer artist:Bananarama,33ORrHQvjcWEzf8IxY77Cr,30,1984-01-01
73,Cruel Summer,Bananarama,1984,track:Cruel Summer artist:Bananarama,7f7jYRuZRRKN4kQPHZyXgZ,12,2012-01-01
73,Cruel Summer,Bananarama,1984,track:Cruel Summer artist:Bananarama,5e5OOuvw0LGlarWgsBh93l,13,2018-09-14
74,Dance Hall Days,Wang Chung,1984,track:Dance Hall Days artist:Wang Chung,2JvPJ8ydPuN2NhpH4oti6I,63,1984-01-16
74,Dance Hall Days,Wang Chung,1984,track:Dance Hall Days artist:Wang Chung,41OIyMJsSFMjdjZjL4tHEx,56,2015-10-12
74,Dance Hall Days,Wang Chung,1984,track:Dance Hall Days artist:Wang Chung,6ES92LMMYg49sgXRvOPbbH,43,2002-01-01
74,Dance Hall Days,Wang Chung,1984,track:Dance Hall Days artist:Wang Chung,1Z6IVAyTC47I1wob7b3aOh,27,1997-01-01
74,Dance Hall Days,Wang Chung,1984,track:Dance Hall Days artist:Wang Chung,66Dcq5SlqgLArzsYcRedq1,27,2011-01-01
75,Give It Up,KC & the Sunshine Band,1984,track:Give It Up artist:KC & the Sunshine Band,3yDhZq8f17SmumVmEyCaRN,66,2016-03-11
75,Give It Up,KC & the Sunshine Band,1984,track:Give It Up artist:KC & the Sunshine Band,5TWB2JhYi8xYtmpIM3cFbs,42,2010-02-26
75,Give It Up,KC & the Sunshine Band,1984,track:Give It Up artist:KC & the Sunshine Band,0vMeLka5FpPTdBZFi803d0,29,2016-03-11
75,Give It Up,KC & the Sunshine Band,1984,track:Give It Up artist:KC & the Sunshine Band,1uVfNKV7VvcFAcgWXmazhT,20,2016-03-11
75,Give It Up,KC & the Sunshine Band,1984,track:Give It Up artist:KC & the Sunshine Band,0HNOPWFtuV1MDBTn2EpczD,22,2018-04-10
76,I m So Excited,The Pointer Sisters,1984,track:I m So Excited artist:The Pointer Sisters,1ot6jEe4w4hYnsOPjd3xKQ,72,1982-02-01
76,I m So Excited,The Pointer Sisters,1984,track:I m So Excited artist:The Pointer Sisters,3AgvZyLH4sWkII5bnU80aQ,51,1989-09-21
76,I m So Excited,The Pointer Sisters,1984,track:I m So Excited artist:The Pointer Sisters,1XvrMOEi2oLFYdrkfIX3xG,51,2001-07-09
76,I m So Excited,The Pointer Sisters,1984,track:I m So Excited artist:The Pointer Sisters,0QZdWUnsvMCKG7ikgct9wG,33,1983-11-06
76,I m So Excited,The Pointer Sisters,1984,track:I m So Excited artist:The Pointer Sisters,53NWOfQXdEmbHqg5FGeXlG,55,2010-02-26
77,I Still Can t Get Over Loving You,Ray Parker Jr.,1984,track:I Still Can t Get Over Loving You artist:Ray Parker Jr.,6gmp4cBAgsQOqqZQECbH4u,25,1983
77,I Still Can t Get Over Loving You,Ray Parker Jr.,1984,track:I Still Can t Get Over Loving You artist:Ray Parker Jr.,6ISiiE2puBueLDGhsItsuV,16,2000-02-08
77,I Still Can t Get Over Loving You,Ray Parker Jr.,1984,track:I Still Can t Get Over Loving You artist:Ray Parker Jr.,1XzNjO9XfDOFqK5gMWgq1I,6,2018-11-09
77,I Still Can t Get Over Loving You,Ray Parker Jr.,1984,track:I Still Can t Get Over Loving You artist:Ray Parker Jr.,0oSVjrUo4UqaxifU6ZjEj0,6,1993-10-12
77,I Still Can t Get Over Loving You,Ray Parker Jr.,1984,track:I Still Can t Get Over Loving You artist:Ray Parker Jr.,78CrAkpMw6TCUEMh5HpRFQ,0,2012-06-15
78,Thriller,Michael Jackson,1984,track:Thriller artist:Michael Jackson,7azo4rpSUh8nXgtonC6Pkq,68,2017-09-27
78,Thriller,Michael Jackson,1984,track:Thriller artist:Michael Jackson,3S2R0EVwBSAVMd5UMgKTL0,66,1982-11-30
78,Thriller,Michael Jackson,1984,track:Thriller artist:Michael Jackson,0wQy2OO7jKjm0OOmA7gv3f,60,2003-11-18
78,Thriller,Michael Jackson,1984,track:Thriller artist:Michael Jackson,2LlQb7Uoj1kKyGhlkBf9aC,57,1982-11-30
78,Thriller,Michael Jackson,1984,track:Thriller artist:Michael Jackson,1D9KEXIrlmPUkMTdYzqgX4,57,2009
79,Holiday,Madonna,1984,track:Holiday artist:Madonna,3ibAzRj9JnowdoLkyllk3n,60,1983-07-27
79,Holiday,Madonna,1984,track:Holiday artist:Madonna,4k6ktr10Hczmh55NY3LfJy,62,2009-09-18
79,Holiday,Madonna,1984,track:Holiday artist:Madonna,4cUSgvW6wlxqzzxE3P4voV,47,1990-11-09
79,Holiday,Madonna,1984,track:Holiday artist:Madonna,4kwCevLoxYLRqSQxvDX8fm,28,2009-09-18
79,Holiday,Madonna,1984,track:Holiday artist:Madonna,49ul7T6QlHsbnwYYNXE87O,22,1979
81,Nobody Told Me,John Lennon,1984,track:Nobody Told Me artist:John Lennon,31QuJZfFiMk1uOawow8ejS,48,1984-01-27
81,Nobody Told Me,John Lennon,1984,track:Nobody Told Me artist:John Lennon,2mZlotDzHY2XXoctTYVMiN,30,2020-10-09
81,Nobody Told Me,John Lennon,1984,track:Nobody Told Me artist:John Lennon,31rR3NHN5ksi0haIGDxOPE,18,2010-10-05
81,Nobody Told Me,John Lennon,1984,track:Nobody Told Me artist:John Lennon,3UUhltrywjH9HX7CZFnUr9,11,2010-10-05
81,Nobody Told Me,John Lennon,1984,track:Nobody Told Me artist:John Lennon,2kge4TJf2AAlccZElRAENK,10,2021-01-01
82,Church of the Poison Mind,Culture Club,1984,track:Church of the Poison Mind artist:Culture Club,2DEEMhTiUMvkiHFdXkrKfI,46,1983-10-01
82,Church of the Poison Mind,Culture Club,1984,track:Church of the Poison Mind artist:Culture Club,4BNOhILWVg7NThwsNhpSs8,28,1993-01-01
82,Church of the Poison Mind,Culture Club,1984,track:Church of the Poison Mind artist:Culture Club,4V5hIzkbPvXJm0tcEWjUeG,23,2011-01-01
82,Church of the Poison Mind,Culture Club,1984,track:Church of the Poison Mind artist:Culture Club,5BugoJVgZR5AyxSew86mDz,19,2005-01-01
82,Church of the Poison Mind,Culture Club,1984,track:Church of the Poison Mind artist:Culture Club,0058zvqKijlP4INBrNy8P9,15,1987-01-01
83,Think of Laura,Christopher Cross,1984,track:Think of Laura artist:Christopher Cross,5jLq63jMFWg0dKHnht6YI0,57,1983
83,Think of Laura,Christopher Cross,1984,track:Think of Laura artist:Christopher Cross,1s5LDroPGxBAFkY5Bth6SK,42,2005-04-19
83,Think of Laura,Christopher Cross,1984,track:Think of Laura artist:Christopher Cross,08mqEUkkGybFUR4vnjyXj9,7,1998-04-06
83,Think of Laura,Christopher Cross,1984,track:Think of Laura artist:Christopher Cross,0HV58KKh5w2ImbVHq4zFMi,4,2020-02-14
83,Think of Laura,Christopher Cross,1984,track:Think of Laura artist:Christopher Cross,1A4Ft4Stqgg8l1r5MUjrVV,2,2020-11-13
84,Time Will Reveal,DeBarge,1984,track:Time Will Reveal artist:DeBarge,5dOAshdEVLDMjHBnlMrX12,54,1983-09-24
84,Time Will Reveal,DeBarge,1984,track:Time Will Reveal artist:DeBarge,5wSrYlSuAhTMxhJmdTY2q5,41,2011-09-20
84,Time Will Reveal,DeBarge,1984,track:Time Will Reveal artist:DeBarge,1ICXz5u7Kt8NQEnztcars5,16,1997-03-17
84,Time Will Reveal,DeBarge,1984,track:Time Will Reveal artist:DeBarge,1dcagX1gmC9uqyFqu4IznH,12,2021-03-05
84,Time Will Reveal,DeBarge,1984,track:Time Will Reveal artist:DeBarge,274Xacsx3sIEbC3lylfbXG,7,2000-11-21
85,Wrapped Around Your Finger,The Police,1984,track:Wrapped Around Your Finger artist:The Police,400ZJAUFuEuIGXhr7ie4xf,58,1983-06-17
85,Wrapped Around Your Finger,The Police,1984,track:Wrapped Around Your Finger artist:The Police,7CWh09VLDQRfj1kuUdrxm7,29,2007-01-01
85,Wrapped Around Your Finger,The Police,1984,track:Wrapped Around Your Finger artist:The Police,3sSfhzuh2n0UG45Otv19jI,25,2003-01-01
85,Wrapped Around Your Finger,The Police,1984,track:Wrapped Around Your Finger artist:The Police,07EkVhJn2GedVKyH4JuoPb,31,2008-01-01
85,Wrapped Around Your Finger,The Police,1984,track:Wrapped Around Your Finger artist:The Police,4xHaldI03GAH8gGXf5szul,18,1995
86,Pink Houses,John Cougar Mellencamp,1984,track:Pink Houses artist:John Cougar Mellencamp,5JKQMoGmXwDHCodn5pFVHB,64,1983
86,Pink Houses,John Cougar Mellencamp,1984,track:Pink Houses artist:John Cougar Mellencamp,69ralFmXmtNuPsgpFUtbbt,35,1983
86,Pink Houses,John Cougar Mellencamp,1984,track:Pink Houses artist:John Cougar Mellencamp,3BOBvqlKutMkpAIp6mSoKR,36,1997-01-01
86,Pink Houses,John Cougar Mellencamp,1984,track:Pink Houses artist:John Cougar Mellencamp,2DKqNNU1xzKXPg2NHcK9Td,21,2018-05-11
86,Pink Houses,John Cougar Mellencamp,1984,track:Pink Houses artist:John Cougar Mellencamp,0k0LUmCoVl91MXvIODRlyD,19,2007-01-01
87,Round and Round,Ratt,1984,track:Round and Round artist:Ratt,5B6Z7NwVqA7W3UFiqBdEJC,65,1984-02-14
87,Round and Round,Ratt,1984,track:Round and Round artist:Ratt,0SFS1LxNP5wgnoDA7nGKQu,54,2005-11-22
87,Round and Round,Ratt,1984,track:Round and Round artist:Ratt,5gmYvN1WJooxcvwwdDidK3,30,2007-08-07
87,Round and Round,Ratt,1984,track:Round and Round artist:Ratt,2WyRlqJBOv75ITacvQmqsV,16,2002
87,Round and Round,Ratt,1984,track:Round and Round artist:Ratt,5h0IEwVpL7GlM78oMIU4U4,11,1984
88,Head over Heels,The Go-Go's,1984,track:Head over Heels artist:The Go-Go's,1p46bniF6fC9kT1v5yjJOI,53,1990-01-01
88,Head over Heels,The Go-Go's,1984,track:Head over Heels artist:The Go-Go's,3rjONa9b7zc16b8nmXAuCG,44,1994-01-01
88,Head over Heels,The Go-Go's,1984,track:Head over Heels artist:The Go-Go's,14zMkyaYN6TGAFwsB69bz6,35,1984
88,Head over Heels,The Go-Go's,1984,track:Head over Heels artist:The Go-Go's,6i3n6MMmyA818EPIvjdtkC,8,2020-08-28
88,Head over Heels,The Go-Go's,1984,track:Head over Heels artist:The Go-Go's,5fNO2qIfagLNixp7lBS7Ii,8,2020-05-15
89,The Longest Time,Billy Joel,1984,track:The Longest Time artist:Billy Joel,5DH7nDryMhpixm4G4B7RP9,64,1983-08-08
89,The Longest Time,Billy Joel,1984,track:The Longest Time artist:Billy Joel,3YhcVZIWyakQSTUJD1YMt4,50,2001-10-02
89,The Longest Time,Billy Joel,1984,track:The Longest Time artist:Billy Joel,5v23eOAHQNRi67BWtzHajx,30,2010
89,The Longest Time,Billy Joel,1984,track:The Longest Time artist:Billy Joel,3ZCfUxGl1NdBFNkAPSxwV1,30,1985-06-29
89,The Longest Time,Billy Joel,1984,track:The Longest Time artist:Billy Joel,7tYSqO9vGDMaqR07OGX5jB,23,2014-05-19
90,Tonight,Kool & the Gang,1984,track:Tonight artist:Kool & the Gang,1y8bnXm0fWhUUcCYr1SvC9,35,1983-11-21
90,Tonight,Kool & the Gang,1984,track:Tonight artist:Kool & the Gang,6Wqo4NtO3Ep3QlB0VpK7D8,34,1981
90,Tonight,Kool & the Gang,1984,track:Tonight artist:Kool & the Gang,5Wnk5P5QKBCyOa7LuaL6tu,24,1999-03-01
90,Tonight,Kool & the Gang,1984,track:Tonight artist:Kool & the Gang,2ImxdbZ8pX5bTE6NCYDKh3,14,1994-01-01
90,Tonight,Kool & the Gang,1984,track:Tonight artist:Kool & the Gang,1b9qGeXNRCngdfsQtoy7KP,15,2007-10-29
91,Got a Hold on Me,Christine McVie,1984,track:Got a Hold on Me artist:Christine McVie,0FCgqHNdcbhGIEmU8r6ZF1,47,1984
92,Dancing in the Sheets,Shalamar,1984,track:Dancing in the Sheets artist:Shalamar,0Q7aj2T90BmSCv2fLyUkTJ,44,1984
92,Dancing in the Sheets,Shalamar,1984,track:Dancing in the Sheets artist:Shalamar,5qxoHLgFu5HX5DpWnKnoJh,34,1984-01-01
92,Dancing in the Sheets,Shalamar,1984,track:Dancing in the Sheets artist:Shalamar,34cpJ7FXauQB55kBBCJWzW,32,1984
92,Dancing in the Sheets,Shalamar,1984,track:Dancing in the Sheets artist:Shalamar,6Cvbss4ussESAf5N4t8uLa,32,1984-10-12
92,Dancing in the Sheets,Shalamar,1984,track:Dancing in the Sheets artist:Shalamar,1HDV5ltdR7fuHKPii5LrTr,15,1993-01-01
93,Undercover of the Night,The Rolling Stones,1984,track:Undercover of the Night artist:The Rolling Stones,4N8oxV3hvn8Efyo4yxp3LG,43,1983-11-07
93,Undercover of the Night,The Rolling Stones,1984,track:Undercover of the Night artist:The Rolling Stones,08rR0CdyUAzJy3053xCPPG,38,1983-11-07
93,Undercover of the Night,The Rolling Stones,1984,track:Undercover of the Night artist:The Rolling Stones,051D5qOJnz0uPpEMjO2sp9,34,2020-09-25
93,Undercover of the Night,The Rolling Stones,1984,track:Undercover of the Night artist:The Rolling Stones,2umCeOgJPgmfuEONmZa2lc,23,2019-04-19
93,Undercover of the Night,The Rolling Stones,1984,track:Undercover of the Night artist:The Rolling Stones,3KXsQhbbtGbYe6Uc3gRJGg,7,2011-01-01
94,On the Dark Side,John Cafferty & The Beaver Brown Band,1984,track:On the Dark Side artist:John Cafferty & The Beaver Brown Band,7DhNAYOzIRkEFqimYl2s1G,51,1983-03-31
94,On the Dark Side,John Cafferty & The Beaver Brown Band,1984,track:On the Dark Side artist:John Cafferty & The Beaver Brown Band,3mnNqugL0grFxgGd7J6YCJ,44,1993
94,On the Dark Side,John Cafferty & The Beaver Brown Band,1984,track:On the Dark Side artist:John Cafferty & The Beaver Brown Band,4tLECVYTcc5lvSw7LHVwKV,10,1981
94,On the Dark Side,John Cafferty & The Beaver Brown Band,1984,track:On the Dark Side artist:John Cafferty & The Beaver Brown Band,0M5LnR1VTUS1niZbpzLntS,9,1993-01-01
94,On the Dark Side,John Cafferty & The Beaver Brown Band,1984,track:On the Dark Side artist:John Cafferty & The Beaver Brown Band,2UswxXMKMcbalnakE2BIvY,9,2015-06-18
95,New Moon on Monday,Duran Duran,1984,track:New Moon on Monday artist:Duran Duran,74tXc7WOWxEDZahXcyPG9D,48,1983-11-21
95,New Moon on Monday,Duran Duran,1984,track:New Moon on Monday artist:Duran Duran,35JVOjqj3ZqdyB8kvynb3q,38,1983-11-21
95,New Moon on Monday,Duran Duran,1984,track:New Moon on Monday artist:Duran Duran,36IhL1JanVQd4zVtITqnNX,36,1998-11-09
95,New Moon on Monday,Duran Duran,1984,track:New Moon on Monday artist:Duran Duran,3IGF7wqKKovBhyPx9HaYgw,20,1998
95,New Moon on Monday,Duran Duran,1984,track:New Moon on Monday artist:Duran Duran,25310LOfvA2HXlTTpBl3SU,22,1983-11-21
96,Major Tom (Coming Home),Peter Schilling,1984,track:Major Tom (Coming Home) artist:Peter Schilling,709ffFK4o4MtG1NKoLvOma,64,1989-04-04
96,Major Tom (Coming Home),Peter Schilling,1984,track:Major Tom (Coming Home) artist:Peter Schilling,7r2E6L83OLlp9bwmrkqMo3,29,1983-09-23
96,Major Tom (Coming Home),Peter Schilling,1984,track:Major Tom (Coming Home) artist:Peter Schilling,4zzvbl5Z5ydGTZZcsWnc5W,26,1982-11-01
96,Major Tom (Coming Home),Peter Schilling,1984,track:Major Tom (Coming Home) artist:Peter Schilling,5xhL6QuD2DvJVeiwmGYHBv,18,1982-11-01
96,Major Tom (Coming Home),Peter Schilling,1984,track:Major Tom (Coming Home) artist:Peter Schilling,1vSJFpd9Bsg4ypoeEYYnAX,15,2020-02-28
97,Magic,The Cars,1984,track:Magic artist:The Cars,3jyPHzyCXV9JwiUJSAHBqO,0,2021-05-07
97,Magic,The Cars,1984,track:Magic artist:The Cars,7z8k6KAvjHX3RtkYNhIC9B,50,1984-03-13
97,Magic,The Cars,1984,track:Magic artist:The Cars,0SAbkr0dS7WK3yJSjaZSZl,48,1984
97,Magic,The Cars,1984,track:Magic artist:The Cars,7pMD8YXl2VTPStgP5g1EuC,38,2002-02-19
97,Magic,The Cars,1984,track:Magic artist:The Cars,2YyjxM75dcmrN2MFlIkdBu,17,2021-03-26
98,When You Close Your Eyes,Night Ranger,1984,track:When You Close Your Eyes artist:Night Ranger,0FoB9BAV7B2Kv6NxOFZtSO,49,1983-01-01
98,When You Close Your Eyes,Night Ranger,1984,track:When You Close Your Eyes artist:Night Ranger,5Al4Jbso4nYdZgJ2gSCEzT,31,1989-01-01
98,When You Close Your Eyes,Night Ranger,1984,track:When You Close Your Eyes artist:Night Ranger,3uFmX78iNSDCWwOzkCxHJQ,14,2000-01-01
98,When You Close Your Eyes,Night Ranger,1984,track:When You Close Your Eyes artist:Night Ranger,6ql8dRrZERt0vbfNVrXxRG,11,2016-12-02
98,When You Close Your Eyes,Night Ranger,1984,track:When You Close Your Eyes artist:Night Ranger,26KpwlTy32swHEn2db93Bv,10,2012-10-22
99,Rock Me Tonite,Billy Squier,1984,track:Rock Me Tonite artist:Billy Squier,12c1PXyghlSuNVO9GZi0DH,48,1984
99,Rock Me Tonite,Billy Squier,1984,track:Rock Me Tonite artist:Billy Squier,76zNJvuD3JtuiaWH0OdrWM,28,2011-01-01
99,Rock Me Tonite,Billy Squier,1984,track:Rock Me Tonite artist:Billy Squier,6oTxxZ5PZcMovSWzehAvwr,17,2005-01-01
99,Rock Me Tonite,Billy Squier,1984,track:Rock Me Tonite artist:Billy Squier,3Cc1B9TOn2KHVNyYSazQZ1,6,2008-07-08
